,preds,preds_raw,gene_name,label,cell
1,0.0,0.086531475,ENSG00000068366,0.0,ACH-001310
2,0.0,0.22598822,ENSG00000123983,1.0,ACH-001310
3,0.0,0.018666174,ENSG00000140284,0.0,ACH-001310
9,0.0,0.023669768,ENSG00000130304,0.0,ACH-001310
10,0.0,0.015510156,ENSG00000143554,0.0,ACH-001310
12,1.0,0.5554851,ENSG00000099194,1.0,ACH-001310
16,0.0,0.07392,ENSG00000186281,1.0,ACH-001310
17,0.0,0.014540574,ENSG00000110090,0.0,ACH-001310
22,0.0,0.022892155,ENSG00000177465,0.0,ACH-001310
23,0.0,0.021902315,ENSG00000184227,0.0,ACH-001310
26,0.0,0.13919125,ENSG00000099797,0.0,ACH-001310
28,0.0,0.12764078,ENSG00000066322,1.0,ACH-001310
29,0.0,0.00753642,ENSG00000118402,0.0,ACH-001310
32,0.0,0.013401692,ENSG00000084754 and ENSG00000138029 and ENSG00000167315,0.0,ACH-001310
33,0.0,0.013400526,ENSG00000157184,0.0,ACH-001310
36,0.0,0.118752375,ENSG00000177646,0.0,ACH-001310
39,0.0,0.13831475,ENSG00000161533,0.0,ACH-001310
40,0.0,0.012706882,ENSG00000178537,0.0,ACH-001310
41,0.0,0.01337403,ENSG00000197119,0.0,ACH-001310
43,0.0,0.013400443,ENSG00000197375,0.0,ACH-001310
45,0.0,0.019713908,ENSG00000101986,0.0,ACH-001310
46,0.0,0.040856984,ENSG00000130821,0.0,ACH-001310
48,0.0,0.117614515,ENSG00000185825,0.0,ACH-001310
51,0.0,0.053393546,ENSG00000084754 and ENSG00000113790 and ENSG00000127884,0.0,ACH-001310
52,0.0,0.03666473,ENSG00000084754 and ENSG00000113790 and ENSG00000167969 and ENSG00000198721,0.0,ACH-001310
56,0.0,0.009826069,ENSG00000084207,0.0,ACH-001310
58,0.0,0.02944984,ENSG00000134202,0.0,ACH-001310
61,0.0,0.02969585,ENSG00000168765,0.0,ACH-001310
64,0.0,0.029718533,ENSG00000213366,0.0,ACH-001310
67,0.0,0.036665153,ENSG00000060971 and ENSG00000113790 and ENSG00000133835,0.0,ACH-001310
68,0.0,0.31989267,ENSG00000072506 and ENSG00000084754 and ENSG00000138796,1.0,ACH-001310
70,0.0,0.16269737,ENSG00000169710,1.0,ACH-001310
71,0.0,0.010041115,ENSG00000167969,0.0,ACH-001310
79,0.0,0.43923426,ENSG00000149084,1.0,ACH-001310
80,0.0,0.38928404,ENSG00000146066,1.0,ACH-001310
83,0.0,0.012175131,ENSG00000206527,0.0,ACH-001310
86,0.0,0.017848397,ENSG00000134824,0.0,ACH-001310
89,0.0,0.07107113,ENSG00000089597,0.0,ACH-001310
92,0.0,0.07107113,ENSG00000198162,0.0,ACH-001310
93,0.0,0.07107113,ENSG00000115275,1.0,ACH-001310
94,1.0,0.9906983,ENSG00000118705 and ENSG00000129562 and ENSG00000134910 and ENSG00000163902 and ENSG00000244038,1.0,ACH-001310
99,0.0,0.21790285,ENSG00000131446,1.0,ACH-001310
100,0.0,0.042946953,ENSG00000139133,0.0,ACH-001310
101,1.0,0.9922092,ENSG00000104723 and ENSG00000118705 and ENSG00000129562 and ENSG00000163527 and ENSG00000163902 and ENSG00000244038,1.0,ACH-001310
102,0.0,0.0229111,ENSG00000108932,0.0,ACH-001310
104,0.0,0.020032788,ENSG00000141526,0.0,ACH-001310
105,0.0,0.079490975,ENSG00000155380,0.0,ACH-001310
106,0.0,0.022920042,ENSG00000168679,0.0,ACH-001310
107,0.0,0.022919614,ENSG00000170190,0.0,ACH-001310
109,0.0,0.019393736,ENSG00000164039,0.0,ACH-001310
110,0.0,0.39726683,ENSG00000127125,0.0,ACH-001310
111,0.0,0.14685786,ENSG00000138621,0.0,ACH-001310
116,0.0,0.33305836,ENSG00000163344,0.0,ACH-001310
117,1.0,0.58962345,ENSG00000167508,1.0,ACH-001310
118,1.0,0.7895256,ENSG00000110921,1.0,ACH-001310
121,0.0,0.011630702,ENSG00000124370,0.0,ACH-001310
122,1.0,0.7895473,ENSG00000113161,1.0,ACH-001310
126,0.0,0.01666386,ENSG00000124767,0.0,ACH-001310
127,0.0,0.44530064,ENSG00000072506,1.0,ACH-001310
129,0.0,0.47048414,ENSG00000149313,1.0,ACH-001310
130,0.0,0.11723807,ENSG00000100294,0.0,ACH-001310
131,0.0,0.117303975,ENSG00000151093,0.0,ACH-001310
134,0.0,0.062068593,ENSG00000116237,1.0,ACH-001310
135,0.0,0.02238711,ENSG00000138814 and ENSG00000221823,0.0,ACH-001310
136,0.0,0.09879025,ENSG00000106799 and ENSG00000163513,0.0,ACH-001310
137,0.0,0.06348564,ENSG00000104365 and ENSG00000213341,0.0,ACH-001310
138,0.0,0.031228326,ENSG00000070770 and ENSG00000101266,0.0,ACH-001310
139,0.0,0.014818961,ENSG00000132964 and ENSG00000155111,0.0,ACH-001310
140,0.0,0.25186968,ENSG00000132155 and ENSG00000157764,0.0,ACH-001310
151,0.0,0.017292403,ENSG00000034152,0.0,ACH-001310
153,0.0,0.069009386,ENSG00000038382,1.0,ACH-001310
157,1.0,0.9249859,ENSG00000058729,1.0,ACH-001310
159,1.0,0.60040385,ENSG00000060237,1.0,ACH-001310
160,0.0,0.1972181,ENSG00000065243,1.0,ACH-001310
164,0.0,0.044369828,ENSG00000065883,0.0,ACH-001310
166,0.0,0.009877103,ENSG00000067900,0.0,ACH-001310
168,0.0,0.0561932,ENSG00000069956,0.0,ACH-001310
173,0.0,0.013537388,ENSG00000072062,0.0,ACH-001310
176,0.0,0.14174768,ENSG00000072518,1.0,ACH-001310
181,0.0,0.04175787,ENSG00000076984,0.0,ACH-001310
189,0.0,0.09226703,ENSG00000086015,0.0,ACH-001310
192,1.0,0.97050583,ENSG00000087586,1.0,ACH-001310
193,0.0,0.041371062,ENSG00000089022,0.0,ACH-001310
196,0.0,0.023610229,ENSG00000096063,0.0,ACH-001310
197,1.0,0.9385789,ENSG00000097046,1.0,ACH-001310
200,0.0,0.09604687,ENSG00000100030,0.0,ACH-001310
202,1.0,0.545874,ENSG00000100749,0.0,ACH-001310
205,0.0,0.029333206,ENSG00000101266,0.0,ACH-001310
213,0.0,0.2560796,ENSG00000104375,0.0,ACH-001310
217,0.0,0.0106749525,ENSG00000105221,0.0,ACH-001310
219,0.0,0.015176807,ENSG00000105613,0.0,ACH-001310
220,0.0,0.49919745,ENSG00000105810,0.0,ACH-001310
225,0.0,0.14323814,ENSG00000107779,0.0,ACH-001310
227,0.0,0.084497176,ENSG00000108443,0.0,ACH-001310
228,0.0,0.37475684,ENSG00000108946,0.0,ACH-001310
231,0.0,0.008172053,ENSG00000110931,0.0,ACH-001310
232,0.0,0.057647616,ENSG00000112062,0.0,ACH-001310
235,1.0,0.65846455,ENSG00000112739,1.0,ACH-001310
236,1.0,0.7238375,ENSG00000112742,1.0,ACH-001310
237,0.0,0.03441384,ENSG00000113163,0.0,ACH-001310
239,1.0,0.57621473,ENSG00000113712,1.0,ACH-001310
240,0.0,0.032380678,ENSG00000114302,1.0,ACH-001310
254,0.0,0.023598565,ENSG00000117676,0.0,ACH-001310
255,0.0,0.25392133,ENSG00000118046,0.0,ACH-001310
256,0.0,0.010023734,ENSG00000118515,0.0,ACH-001310
259,1.0,0.9160798,ENSG00000120539,1.0,ACH-001310
260,0.0,0.009837749,ENSG00000121989,0.0,ACH-001310
261,0.0,0.46988538,ENSG00000122966,0.0,ACH-001310
263,1.0,0.57659656,ENSG00000123374,1.0,ACH-001310
264,1.0,0.87850857,ENSG00000124784,1.0,ACH-001310
265,1.0,0.6119428,ENSG00000125651,0.0,ACH-001310
266,0.0,0.020580258,ENSG00000125834,0.0,ACH-001310
267,0.0,0.012045525,ENSG00000126562,0.0,ACH-001310
268,0.0,0.032867424,ENSG00000126934,0.0,ACH-001310
270,1.0,0.6438549,ENSG00000127564,1.0,ACH-001310
271,0.0,0.06934466,ENSG00000128829,0.0,ACH-001310
272,0.0,0.04484044,ENSG00000130175,0.0,ACH-001310
274,0.0,0.011917846,ENSG00000130669,0.0,ACH-001310
278,0.0,0.028464478,ENSG00000132356,0.0,ACH-001310
281,1.0,0.97028154,ENSG00000134058,1.0,ACH-001310
284,0.0,0.017305195,ENSG00000134318,0.0,ACH-001310
287,0.0,0.013984894,ENSG00000135250,0.0,ACH-001310
288,0.0,0.110515505,ENSG00000135341,0.0,ACH-001310
289,0.0,0.4206674,ENSG00000135446,0.0,ACH-001310
290,0.0,0.040024642,ENSG00000135503,0.0,ACH-001310
293,1.0,0.947909,ENSG00000136807,1.0,ACH-001310
294,0.0,0.031808823,ENSG00000137193,0.0,ACH-001310
296,0.0,0.036115527,ENSG00000137601,0.0,ACH-001310
302,0.0,0.07926968,ENSG00000139908,0.0,ACH-001310
303,1.0,0.78034574,ENSG00000140992,1.0,ACH-001310
305,0.0,0.017019978,ENSG00000141551,0.0,ACH-001310
306,0.0,0.03704637,ENSG00000142208,0.0,ACH-001310
307,1.0,0.7085503,ENSG00000142731,1.0,ACH-001310
315,1.0,0.61019826,ENSG00000146872,1.0,ACH-001310
317,1.0,0.6614875,ENSG00000147133,0.0,ACH-001310
318,0.0,0.015093094,ENSG00000148660,0.0,ACH-001310
319,0.0,0.01222718,ENSG00000149269,0.0,ACH-001310
320,0.0,0.0067384406,ENSG00000149311,0.0,ACH-001310
321,1.0,0.98109883,ENSG00000149554,1.0,ACH-001310
334,1.0,0.8044726,ENSG00000156970,1.0,ACH-001310
335,1.0,0.87426686,ENSG00000157106,1.0,ACH-001310
336,0.0,0.063403085,ENSG00000157540,0.0,ACH-001310
343,0.0,0.02089312,ENSG00000160584,0.0,ACH-001310
345,0.0,0.011409896,ENSG00000162302,0.0,ACH-001310
348,0.0,0.035314713,ENSG00000163349,0.0,ACH-001310
351,0.0,0.051061418,ENSG00000163558,0.0,ACH-001310
357,0.0,0.007872515,ENSG00000165304,0.0,ACH-001310
359,0.0,0.20707023,ENSG00000166333,0.0,ACH-001310
360,1.0,0.9430232,ENSG00000166483,1.0,ACH-001310
362,1.0,0.9818193,ENSG00000166851,1.0,ACH-001310
363,0.0,0.4258074,ENSG00000167258,1.0,ACH-001310
366,0.0,0.012516889,ENSG00000168067,1.0,ACH-001310
369,0.0,0.038061526,ENSG00000169032,0.0,ACH-001310
371,1.0,0.626715,ENSG00000169679,1.0,ACH-001310
373,0.0,0.011760374,ENSG00000170145,0.0,ACH-001310
374,1.0,0.9804797,ENSG00000170312,1.0,ACH-001310
377,0.0,0.012774188,ENSG00000172071,0.0,ACH-001310
378,1.0,0.7142577,ENSG00000172315,1.0,ACH-001310
379,0.0,0.015779043,ENSG00000172939,0.0,ACH-001310
380,0.0,0.10224252,ENSG00000173327,1.0,ACH-001310
382,1.0,0.9113754,ENSG00000175054,1.0,ACH-001310
384,0.0,0.22664124,ENSG00000176444,0.0,ACH-001310
387,0.0,0.014053013,ENSG00000178093,0.0,ACH-001310
389,0.0,0.45518565,ENSG00000178950,0.0,ACH-001310
390,1.0,0.98046356,ENSG00000178999,1.0,ACH-001310
392,0.0,0.09622771,ENSG00000180370,1.0,ACH-001310
401,0.0,0.020603936,ENSG00000185324,0.0,ACH-001310
403,0.0,0.03316515,ENSG00000186716,0.0,ACH-001310
406,0.0,0.46997288,ENSG00000196455,0.0,ACH-001310
411,0.0,0.022340758,ENSG00000198586,0.0,ACH-001310
412,0.0,0.008956834,ENSG00000198648,0.0,ACH-001310
415,0.0,0.010041204,ENSG00000204217,0.0,ACH-001310
417,1.0,0.77737486,ENSG00000204435,1.0,ACH-001310
426,0.0,0.10519205,ENSG00000141736 and ENSG00000146648,1.0,ACH-001310
427,0.0,0.041378155,ENSG00000126934 and ENSG00000169032,0.0,ACH-001310
432,0.0,0.04457572,ENSG00000065361,0.0,ACH-001310
434,0.0,0.040688273,ENSG00000066468,0.0,ACH-001310
435,0.0,0.44800296,ENSG00000077782,1.0,ACH-001310
436,0.0,0.079081304,ENSG00000092445,0.0,ACH-001310
437,0.0,0.024133762,ENSG00000096968,0.0,ACH-001310
438,0.0,0.04095518,ENSG00000097007,0.0,ACH-001310
439,0.0,0.04125058,ENSG00000103653,0.0,ACH-001310
441,0.0,0.11850772,ENSG00000105976,0.0,ACH-001310
443,0.0,0.063727565,ENSG00000113721,1.0,ACH-001310
447,0.0,0.06926137,ENSG00000140443,0.0,ACH-001310
453,0.0,0.039360333,ENSG00000162434,0.0,ACH-001310
455,0.0,0.016869435,ENSG00000167601,0.0,ACH-001310
458,1.0,0.6315871,ENSG00000169398,1.0,ACH-001310
466,0.0,0.012928996,ENSG00000197122,0.0,ACH-001310
470,0.0,0.28568706,ENSG00000121897,1.0,ACH-001310
471,0.0,0.043253675,ENSG00000055609 and ENSG00000272333,0.0,ACH-001310
472,1.0,0.9780597,ENSG00000114902 and ENSG00000118363 and ENSG00000129128 and ENSG00000140612 and ENSG00000166562,1.0,ACH-001310
473,0.0,0.20760325,ENSG00000055609 and ENSG00000167548,0.0,ACH-001310
474,0.0,0.03963354,ENSG00000005483,0.0,ACH-001310
475,1.0,0.9447837,ENSG00000099381,1.0,ACH-001310
477,0.0,0.1134158,ENSG00000104885,0.0,ACH-001310
478,0.0,0.038859304,ENSG00000109685,0.0,ACH-001310
479,0.0,0.20918863,ENSG00000110066,0.0,ACH-001310
480,0.0,0.039536778,ENSG00000116539,0.0,ACH-001310
481,0.0,0.19415018,ENSG00000118058,0.0,ACH-001310
483,0.0,0.039621525,ENSG00000136169,0.0,ACH-001310
484,0.0,0.040691216,ENSG00000139718,1.0,ACH-001310
485,0.0,0.35285535,ENSG00000143379,0.0,ACH-001310
488,0.0,0.039341964,ENSG00000165671,0.0,ACH-001310
490,0.0,0.039725535,ENSG00000181090,0.0,ACH-001310
491,0.0,0.20410953,ENSG00000181555,0.0,ACH-001310
492,1.0,0.87492555,ENSG00000183955,1.0,ACH-001310
494,1.0,0.5643233,ENSG00000204371,1.0,ACH-001310
495,0.0,0.19424826,ENSG00000106462,0.0,ACH-001310
497,0.0,0.053713415,ENSG00000060656,0.0,ACH-001310
501,1.0,0.722933,ENSG00000076201,1.0,ACH-001310
505,0.0,0.027066402,ENSG00000081721,0.0,ACH-001310
506,0.0,0.017479436,ENSG00000084112,0.0,ACH-001310
510,0.0,0.10913667,ENSG00000101224,1.0,ACH-001310
512,0.0,0.01867354,ENSG00000108861,0.0,ACH-001310
513,1.0,0.6465954,ENSG00000110536,1.0,ACH-001310
516,0.0,0.0884144,ENSG00000112245,0.0,ACH-001310
518,0.0,0.06838543,ENSG00000112679,0.0,ACH-001310
520,0.0,0.011564536,ENSG00000120129,0.0,ACH-001310
530,0.0,0.019152904,ENSG00000141298,0.0,ACH-001310
547,0.0,0.0952636,ENSG00000164045,0.0,ACH-001310
554,1.0,0.71969163,ENSG00000179295,1.0,ACH-001310
555,0.0,0.10726793,ENSG00000184007,0.0,ACH-001310
556,0.0,0.023706434,ENSG00000184545,0.0,ACH-001310
558,0.0,0.10589266,ENSG00000196396,0.0,ACH-001310
562,0.0,0.12535442,ENSG00000005882,0.0,ACH-001310
567,0.0,0.021843243,ENSG00000111684,0.0,ACH-001310
573,0.0,0.26203352,ENSG00000134255,1.0,ACH-001310
581,0.0,0.009795354,ENSG00000138018,0.0,ACH-001310
585,0.0,0.012741517,ENSG00000168000,0.0,ACH-001310
588,0.0,0.035264112,ENSG00000077044,0.0,ACH-001310
602,1.0,0.69922626,ENSG00000102144,1.0,ACH-001310
607,0.0,0.010082864,ENSG00000157326,0.0,ACH-001310
611,0.0,0.026111191,ENSG00000084754,0.0,ACH-001310
613,0.0,0.01570211,ENSG00000127884,0.0,ACH-001310
614,0.0,0.053861063,ENSG00000133835,0.0,ACH-001310
617,0.0,0.010041096,ENSG00000167107,0.0,ACH-001310
620,0.0,0.19069333,ENSG00000100714,0.0,ACH-001310
622,0.0,0.18669549,ENSG00000159131,0.0,ACH-001310
623,0.0,0.20768066,ENSG00000136877,0.0,ACH-001310
624,0.0,0.22055882,ENSG00000138363,0.0,ACH-001310
625,0.0,0.039806586,ENSG00000065911,0.0,ACH-001310
627,0.0,0.039848343,ENSG00000163738,0.0,ACH-001310
634,0.0,0.002913369,ENSG00000117592,0.0,ACH-001310
635,0.0,0.12619369,ENSG00000164294,1.0,ACH-001310
636,1.0,0.7874741,ENSG00000167468,1.0,ACH-001310
643,0.0,0.0030807327,ENSG00000135437,0.0,ACH-001310
646,0.0,0.037047338,ENSG00000052802,0.0,ACH-001310
648,0.0,0.037263304,ENSG00000099377,0.0,ACH-001310
651,0.0,0.0013181719,ENSG00000121039,0.0,ACH-001310
654,0.0,0.04941984,ENSG00000159692,0.0,ACH-001310
656,0.0,0.056555234,ENSG00000167733,0.0,ACH-001310
659,0.0,0.14712998,ENSG00000197894,0.0,ACH-001310
663,0.0,0.04255177,ENSG00000132196,0.0,ACH-001310
677,0.0,0.03986736,ENSG00000100997,0.0,ACH-001310
679,0.0,0.060544934,ENSG00000011009,0.0,ACH-001310
683,0.0,0.010850752,ENSG00000120992,0.0,ACH-001310
684,0.0,0.009699673,ENSG00000135241,0.0,ACH-001310
686,0.0,0.09684071,ENSG00000151151,0.0,ACH-001310
687,0.0,0.11835059,ENSG00000100605,0.0,ACH-001310
688,0.0,0.25670797,ENSG00000127080,0.0,ACH-001310
691,0.0,0.011648042,ENSG00000068383,0.0,ACH-001310
692,0.0,0.06296096,ENSG00000132376,0.0,ACH-001310
696,0.0,0.009471736,ENSG00000040933,0.0,ACH-001310
701,0.0,0.1641465,ENSG00000105655,0.0,ACH-001310
702,0.0,0.034554522,ENSG00000145725,0.0,ACH-001310
707,1.0,0.9542651,ENSG00000007168,1.0,ACH-001310
708,0.0,0.0083323615,ENSG00000171862,0.0,ACH-001310
709,1.0,0.7689888,ENSG00000143398,1.0,ACH-001310
716,1.0,0.5707339,ENSG00000078142,1.0,ACH-001310
722,0.0,0.034089487,ENSG00000111077,0.0,ACH-001310
724,0.0,0.033163432,ENSG00000112367,0.0,ACH-001310
725,0.0,0.029811367,ENSG00000125458,0.0,ACH-001310
726,0.0,0.12314078,ENSG00000126821,0.0,ACH-001310
727,0.0,0.03503239,ENSG00000137770,0.0,ACH-001310
728,0.0,0.034330305,ENSG00000139505,0.0,ACH-001310
732,1.0,0.7689908,ENSG00000165688,1.0,ACH-001310
736,1.0,0.76899076,ENSG00000211456,1.0,ACH-001310
752,0.0,0.016676733,ENSG00000143811,0.0,ACH-001310
756,0.0,0.0036167575,ENSG00000123739,0.0,ACH-001310
762,0.0,0.008718227,ENSG00000131979,0.0,ACH-001310
766,0.0,0.0163316,ENSG00000143149,0.0,ACH-001310
768,0.0,0.012524299,ENSG00000119723,0.0,ACH-001310
770,0.0,0.008455983,ENSG00000001630,0.0,ACH-001310
771,0.0,0.021901514,ENSG00000083807,0.0,ACH-001310
776,0.0,0.024812123,ENSG00000162882,0.0,ACH-001310
777,0.0,0.076841354,ENSG00000023330,0.0,ACH-001310
778,0.0,0.21280125,ENSG00000178773,0.0,ACH-001310
782,0.0,0.0014276629,ENSG00000023697,0.0,ACH-001310
784,0.0,0.014230517,ENSG00000111716,0.0,ACH-001310
785,0.0,0.011285142,ENSG00000151116,0.0,ACH-001310
786,0.0,0.014728129,ENSG00000093010,0.0,ACH-001310
788,0.0,0.1874063,ENSG00000110871,1.0,ACH-001310
793,0.0,0.023134923,ENSG00000083123 and ENSG00000142046 and ENSG00000248098,0.0,ACH-001310
796,0.0,0.36535844,ENSG00000091140 and ENSG00000105953 and ENSG00000119689,0.0,ACH-001310
797,0.0,0.33875495,ENSG00000105953,0.0,ACH-001310
799,0.0,0.017035542,ENSG00000197444,0.0,ACH-001310
803,0.0,0.3369616,ENSG00000074800,0.0,ACH-001310
806,0.0,0.03779844,ENSG00000070614,0.0,ACH-001310
809,1.0,0.56863314,ENSG00000136720,1.0,ACH-001310
811,0.0,0.031629026,ENSG00000153936,0.0,ACH-001310
815,0.0,0.12581302,ENSG00000132423,0.0,ACH-001310
817,0.0,0.015785828,ENSG00000196502,0.0,ACH-001310
820,0.0,0.021901432,ENSG00000117528,0.0,ACH-001310
821,0.0,0.38590118,ENSG00000012232,0.0,ACH-001310
822,0.0,0.40185356,ENSG00000162694,1.0,ACH-001310
825,0.0,0.25078118,ENSG00000173085,1.0,ACH-001310
826,1.0,0.54096764,ENSG00000090054 and ENSG00000100596 and ENSG00000172296,1.0,ACH-001310
827,0.0,0.16660336,ENSG00000119537,1.0,ACH-001310
828,0.0,0.12598905,ENSG00000167186,0.0,ACH-001310
833,0.0,0.035130862,ENSG00000182199,0.0,ACH-001310
837,0.0,0.0077218213,ENSG00000092621,0.0,ACH-001310
840,0.0,0.024478668,ENSG00000135069,0.0,ACH-001310
841,0.0,0.44461703,ENSG00000111237,1.0,ACH-001310
845,0.0,0.0062330575,ENSG00000139631,0.0,ACH-001310
848,0.0,0.1743821,ENSG00000125166,0.0,ACH-001310
850,0.0,0.0414037,ENSG00000146701,0.0,ACH-001310
852,0.0,0.17156292,ENSG00000149809,0.0,ACH-001310
853,0.0,0.033575803,ENSG00000132570,0.0,ACH-001310
854,0.0,0.00915943,ENSG00000166228,0.0,ACH-001310
863,0.0,0.007732563,ENSG00000176974,0.0,ACH-001310
864,0.0,0.23959114,ENSG00000176890,0.0,ACH-001310
866,0.0,0.04295575,ENSG00000123453,0.0,ACH-001310
868,0.0,0.033737455,ENSG00000109929,0.0,ACH-001310
869,0.0,0.09574128,ENSG00000128039,0.0,ACH-001310
871,0.0,0.028076027,ENSG00000116984,0.0,ACH-001310
872,0.0,0.039296888,ENSG00000173638,0.0,ACH-001310
873,0.0,0.007711142,ENSG00000150540,0.0,ACH-001310
874,0.0,0.3281238,ENSG00000102172,0.0,ACH-001310
876,0.0,0.03206993,ENSG00000116649,0.0,ACH-001310
877,0.0,0.3304705,ENSG00000128059,0.0,ACH-001310
878,0.0,0.19502583,ENSG00000178921,0.0,ACH-001310
881,0.0,0.01727151,ENSG00000277161,0.0,ACH-001310
883,0.0,0.0065294835,ENSG00000116096,0.0,ACH-001310
885,1.0,0.6721741,ENSG00000142657,0.0,ACH-001310
887,0.0,0.02878246,ENSG00000187630,0.0,ACH-001310
890,0.0,0.012615116,ENSG00000068903,0.0,ACH-001310
891,0.0,0.020067297,ENSG00000162066,0.0,ACH-001310
896,0.0,0.014186444,ENSG00000117305,0.0,ACH-001310
898,1.0,0.8527695,ENSG00000112972,1.0,ACH-001310
904,0.0,0.005988775,ENSG00000141504,0.0,ACH-001310
905,0.0,0.033305615,ENSG00000169359,0.0,ACH-001310
907,0.0,0.27248266,ENSG00000278540,0.0,ACH-001310
908,0.0,0.073685594,ENSG00000100522,0.0,ACH-001310
910,0.0,0.33688962,ENSG00000131473,0.0,ACH-001310
912,0.0,0.36414635,ENSG00000062485,1.0,ACH-001310
913,0.0,0.19969535,ENSG00000091140 and ENSG00000131828 and ENSG00000150768 and ENSG00000168291,0.0,ACH-001310
920,0.0,0.18433274,ENSG00000072310,0.0,ACH-001310
922,1.0,0.57636267,ENSG00000108468,0.0,ACH-001310
933,0.0,0.3759152,ENSG00000198431,1.0,ACH-001310
936,0.0,0.1232212,ENSG00000143418,1.0,ACH-001310
939,0.0,0.019203106,ENSG00000198931,0.0,ACH-001310
942,0.0,0.03997062,ENSG00000174669,0.0,ACH-001310
944,0.0,0.01349255,ENSG00000164638,0.0,ACH-001310
945,0.0,0.005792462,ENSG00000156110,0.0,ACH-001310
949,1.0,0.5600515,ENSG00000101444,0.0,ACH-001310
953,0.0,0.011844411,ENSG00000103024,0.0,ACH-001310
956,0.0,0.074591875,ENSG00000172113,0.0,ACH-001310
957,0.0,0.0129271215,ENSG00000239672,0.0,ACH-001310
958,0.0,0.36089492,ENSG00000243678,1.0,ACH-001310
959,1.0,0.5709984,ENSG00000004455,1.0,ACH-001310
960,1.0,0.7688343,ENSG00000085231,1.0,ACH-001310
961,0.0,0.010758847,ENSG00000106992,0.0,ACH-001310
967,0.0,0.25537342,ENSG00000162433,1.0,ACH-001310
968,1.0,0.7689584,ENSG00000162368,1.0,ACH-001310
969,1.0,0.60675335,ENSG00000005022,1.0,ACH-001310
972,1.0,0.69598913,ENSG00000168393,0.0,ACH-001310
973,0.0,0.017941628,ENSG00000273841,0.0,ACH-001310
975,0.0,0.1273775,ENSG00000121851 and ENSG00000090060,0.0,ACH-001310
979,1.0,0.9876859,ENSG00000149016 and ENSG00000005075 and ENSG00000013503 and ENSG00000047315 and ENSG00000058600 and ENSG00000066379 and ENSG00000068654 and ENSG00000099817 and ENSG00000099821 and ENSG00000100142 and ENSG00000100413 and ENSG00000102978 and ENSG00000105258 and ENSG00000107951 and ENSG00000125630 and ENSG00000132664 and ENSG00000137054 and ENSG00000144231 and ENSG00000147669 and ENSG00000148606 and ENSG00000161980 and ENSG00000163882 and ENSG00000168002 and ENSG00000168495 and ENSG00000171453 and ENSG00000177700 and ENSG00000181222 and ENSG00000186141 and ENSG00000186184,1.0,ACH-001310
980,1.0,0.9957332,ENSG00000048392 and ENSG00000100348 and ENSG00000167325 and ENSG00000171848,1.0,ACH-001310
981,1.0,0.9957545,ENSG00000048392 and ENSG00000136810 and ENSG00000167325 and ENSG00000171848,1.0,ACH-001310
982,1.0,0.63429487,ENSG00000067225,1.0,ACH-001310
985,0.0,0.009562804,ENSG00000171302,0.0,ACH-001310
989,0.0,0.017062198,ENSG00000159322,0.0,ACH-001310
991,1.0,0.76915616,ENSG00000143774,1.0,ACH-001310
994,0.0,0.018325884,ENSG00000067057,0.0,ACH-001310
996,0.0,0.053520568,ENSG00000125454,0.0,ACH-001310
1001,0.0,0.017173383,ENSG00000114268,1.0,ACH-001310
1004,0.0,0.018468708,ENSG00000167900,0.0,ACH-001310
1005,0.0,0.0063314536,ENSG00000160209,0.0,ACH-001310
1007,0.0,0.03767068,ENSG00000033627,0.0,ACH-001310
1009,0.0,0.08344752,ENSG00000135002,0.0,ACH-001310
1010,0.0,0.016389314,ENSG00000001084 and ENSG00000023909,0.0,ACH-001310
1013,0.0,0.30148682,ENSG00000128050,0.0,ACH-001310
1014,0.0,0.27908817,ENSG00000121879 and ENSG00000145675,0.0,ACH-001310
1015,0.0,0.3365122,ENSG00000068120,0.0,ACH-001310
1018,0.0,0.24148858,ENSG00000084774,0.0,ACH-001310
1020,0.0,0.04002284,ENSG00000196511,0.0,ACH-001310
1027,0.0,0.010315882,ENSG00000159921,0.0,ACH-001310
1031,0.0,0.04191161,ENSG00000163541 and ENSG00000172340,0.0,ACH-001310
1032,0.0,0.19917051,ENSG00000136143 and ENSG00000163541,0.0,ACH-001310
1033,0.0,0.48183143,ENSG00000173599,0.0,ACH-001310
1037,0.0,0.0383923,ENSG00000059573,0.0,ACH-001310
1038,0.0,0.12928204,ENSG00000051382,1.0,ACH-001310
1051,0.0,0.36012518,ENSG00000183048,0.0,ACH-001310
1055,0.0,0.024494644,ENSG00000167123,0.0,ACH-001310
1057,0.0,0.056118626,ENSG00000100075,0.0,ACH-001310
1061,0.0,0.0054082978,ENSG00000103064,0.0,ACH-001310
1062,0.0,0.12607835,ENSG00000103257,0.0,ACH-001310
1063,0.0,0.416554,ENSG00000168003,0.0,ACH-001310
1064,0.0,0.1257687,ENSG00000105281,0.0,ACH-001310
1067,0.0,0.007204213,ENSG00000131067,0.0,ACH-001310
1068,1.0,0.9884409,ENSG00000090861,1.0,ACH-001310
1069,0.0,0.0028962204,ENSG00000196517,0.0,ACH-001310
1072,0.0,0.010752729,ENSG00000111371,0.0,ACH-001310
1073,0.0,0.121468544,ENSG00000134294,0.0,ACH-001310
1074,0.0,0.23173906,ENSG00000139514,0.0,ACH-001310
1081,1.0,0.97156525,ENSG00000119523,1.0,ACH-001310
1082,0.0,0.0677775,ENSG00000144182,0.0,ACH-001310
1085,0.0,0.012670139,ENSG00000131238,0.0,ACH-001310
1086,0.0,0.012963588,ENSG00000221988,0.0,ACH-001310
1088,1.0,0.8552329,ENSG00000113643,1.0,ACH-001310
1091,1.0,0.9415689,ENSG00000241258,1.0,ACH-001310
1095,1.0,0.98167074,ENSG00000134440,1.0,ACH-001310
1097,0.0,0.3140342,ENSG00000070669,0.0,ACH-001310
1098,0.0,0.17966886,ENSG00000091483,0.0,ACH-001310
1099,1.0,0.99634475,ENSG00000115866,1.0,ACH-001310
1100,0.0,0.22068924,ENSG00000035687,0.0,ACH-001310
1102,0.0,0.28523123,ENSG00000130707,0.0,ACH-001310
1105,0.0,0.012731497,ENSG00000131389,0.0,ACH-001310
1106,0.0,0.3902935,ENSG00000105220,0.0,ACH-001310
1107,1.0,0.88511634,ENSG00000033011,1.0,ACH-001310
1111,0.0,0.11730361,ENSG00000116353,0.0,ACH-001310
1114,0.0,0.022747815,ENSG00000123684,0.0,ACH-001310
1117,0.0,0.15393217,ENSG00000146648,0.0,ACH-001310
1118,0.0,0.15404883,ENSG00000171320,1.0,ACH-001310
1121,0.0,0.010479332,ENSG00000065989,0.0,ACH-001310
1123,0.0,0.0019565746,ENSG00000113448,0.0,ACH-001310
1125,0.0,0.0020102349,ENSG00000137496,0.0,ACH-001310
1127,0.0,0.0019914063,ENSG00000154678,0.0,ACH-001310
1130,0.0,0.044594653,ENSG00000185527,0.0,ACH-001310
1131,0.0,0.009997361,ENSG00000205268,0.0,ACH-001310
1132,1.0,0.57583016,ENSG00000101290,1.0,ACH-001310
1133,1.0,0.8343445,ENSG00000087157,1.0,ACH-001310
1134,1.0,0.57541335,ENSG00000088766,1.0,ACH-001310
1135,0.0,0.04450351,ENSG00000185813,0.0,ACH-001310
1138,0.0,0.036181584,ENSG00000148154,0.0,ACH-001310
1139,0.0,0.036162373,ENSG00000101558,0.0,ACH-001310
1153,0.0,0.0027707587,ENSG00000113504,0.0,ACH-001310
1160,0.0,0.0029317704,ENSG00000008300,0.0,ACH-001310
1162,0.0,0.0029318987,ENSG00000164889,0.0,ACH-001310
1166,0.0,0.45972705,ENSG00000084090,0.0,ACH-001310
1173,0.0,0.0020472168,ENSG00000073060,0.0,ACH-001310
1175,0.0,0.056429043,ENSG00000129353,0.0,ACH-001310
1176,0.0,0.2521133,ENSG00000143036,0.0,ACH-001310
1177,0.0,0.058111634,ENSG00000110721,0.0,ACH-001310
1180,0.0,0.16852231,ENSG00000156471,0.0,ACH-001310
1188,0.0,0.0018657146,ENSG00000113273,0.0,ACH-001310
1196,0.0,0.005921232,ENSG00000064601 and ENSG00000141012 and ENSG00000170266 and ENSG00000204386,0.0,ACH-001310
1198,0.0,0.0068458137,ENSG00000141012,0.0,ACH-001310
1200,0.0,0.117331274,ENSG00000130164,1.0,ACH-001310
1201,0.0,0.33637777,ENSG00000100412,0.0,ACH-001310
1203,0.0,0.20395383,ENSG00000136381,0.0,ACH-001310
1204,0.0,0.06445868,ENSG00000111726,0.0,ACH-001310
1207,0.0,0.050254837,ENSG00000164414,0.0,ACH-001310
1208,0.0,0.05310588,ENSG00000008513,0.0,ACH-001310
1216,0.0,0.4787539,ENSG00000126088,0.0,ACH-001310
1217,0.0,0.19221613,ENSG00000080819,0.0,ACH-001310
1220,0.0,0.011526644,ENSG00000117411,0.0,ACH-001310
1221,0.0,0.012795662,ENSG00000158470,0.0,ACH-001310
1222,0.0,0.0496658,ENSG00000158850,0.0,ACH-001310
1228,0.0,0.34585425,ENSG00000141279,1.0,ACH-001310
1231,1.0,0.98099905,ENSG00000110619,1.0,ACH-001310
1232,0.0,0.22471026,ENSG00000103257 and ENSG00000168003,0.0,ACH-001310
1235,0.0,0.28766412,ENSG00000151012 and ENSG00000168003,0.0,ACH-001310
1236,0.0,0.0064711096,ENSG00000184470,0.0,ACH-001310
1237,0.0,0.024243478,ENSG00000143179,0.0,ACH-001310
1242,1.0,0.96419096,ENSG00000162408,1.0,ACH-001310
1246,0.0,0.012023342,ENSG00000122643,0.0,ACH-001310
1248,0.0,0.094405174,ENSG00000141698,0.0,ACH-001310
1250,0.0,0.39958924,ENSG00000115350 and ENSG00000148229,0.0,ACH-001310
1251,1.0,0.9961229,ENSG00000062822 and ENSG00000077514 and ENSG00000106628 and ENSG00000175482,1.0,ACH-001310
1252,1.0,0.9960998,ENSG00000014138 and ENSG00000101868,1.0,ACH-001310
1253,1.0,0.99621105,ENSG00000014138 and ENSG00000062822 and ENSG00000077514 and ENSG00000100479 and ENSG00000101868 and ENSG00000106628 and ENSG00000115350 and ENSG00000148229 and ENSG00000175482 and ENSG00000177084,1.0,ACH-001310
1254,1.0,0.534418,ENSG00000009413,0.0,ACH-001310
1255,0.0,0.15488954,ENSG00000051341,1.0,ACH-001310
1258,1.0,0.993396,ENSG00000111445,1.0,ACH-001310
1263,1.0,0.7908156,ENSG00000132382,1.0,ACH-001310
1264,0.0,0.28997633,ENSG00000140521,1.0,ACH-001310
1267,0.0,0.22731106,ENSG00000256525,1.0,ACH-001310
1268,0.0,0.010320118,ENSG00000156515,0.0,ACH-001310
1269,0.0,0.11083118,ENSG00000159399,1.0,ACH-001310
1272,1.0,0.7904609,ENSG00000113456 and ENSG00000172613,1.0,ACH-001310
1275,0.0,0.020640548,ENSG00000172890,0.0,ACH-001310
1276,0.0,0.13897282,ENSG00000173614,0.0,ACH-001310
1285,0.0,0.0979704,ENSG00000117394,0.0,ACH-001310
1288,0.0,0.035144474,ENSG00000027847,0.0,ACH-001310
1289,0.0,0.021400547,ENSG00000060642,0.0,ACH-001310
1290,0.0,0.09109514,ENSG00000069943,0.0,ACH-001310
1297,0.0,0.04755443,ENSG00000134910,0.0,ACH-001310
1300,1.0,0.99120563,ENSG00000147162,1.0,ACH-001310
1305,0.0,0.04661622,ENSG00000163527,0.0,ACH-001310
1307,0.0,0.030482331,ENSG00000170340,0.0,ACH-001310
1310,0.0,0.016468383,ENSG00000176383,0.0,ACH-001310
1318,0.0,0.018665684,ENSG00000100299,0.0,ACH-001310
1321,0.0,0.0623093,ENSG00000109107,0.0,ACH-001310
1324,1.0,0.8921091,ENSG00000111669,1.0,ACH-001310
1330,0.0,0.49818876,ENSG00000178700,0.0,ACH-001310
1331,1.0,0.5017721,ENSG00000228716,1.0,ACH-001310
1332,0.0,0.3301173,ENSG00000119689,0.0,ACH-001310
1334,0.0,0.039995387,ENSG00000067064,0.0,ACH-001310
1335,1.0,0.56521773,ENSG00000152904,1.0,ACH-001310
1336,1.0,0.5597856,ENSG00000160752,0.0,ACH-001310
1337,0.0,0.3158544,ENSG00000090857,0.0,ACH-001310
1343,1.0,0.9960157,ENSG00000030066 and ENSG00000047410 and ENSG00000058804 and ENSG00000069248 and ENSG00000075188 and ENSG00000085415 and ENSG00000093000 and ENSG00000094914 and ENSG00000095319 and ENSG00000101146 and ENSG00000102900 and ENSG00000108559 and ENSG00000110713 and ENSG00000111581 and ENSG00000113569 and ENSG00000119392 and ENSG00000120253 and ENSG00000124789 and ENSG00000125450 and ENSG00000126883 and ENSG00000132182 and ENSG00000136243 and ENSG00000138750 and ENSG00000139496 and ENSG00000153201 and ENSG00000153207 and ENSG00000155561 and ENSG00000157020 and ENSG00000157349 and ENSG00000163002 and ENSG00000196313 and ENSG00000213024,1.0,ACH-001310
1345,1.0,0.61381805,ENSG00000088305 and ENSG00000130816,1.0,ACH-001310
1348,0.0,0.1680538,ENSG00000120697,1.0,ACH-001310
1349,0.0,0.107964806,ENSG00000159063,0.0,ACH-001310
1350,0.0,0.1071011,ENSG00000088035,0.0,ACH-001310
1351,0.0,0.2550801,ENSG00000175548,0.0,ACH-001310
1352,0.0,0.31340334,ENSG00000167130,1.0,ACH-001310
1353,1.0,0.69016105,ENSG00000175283,1.0,ACH-001310
1354,1.0,0.84949803,ENSG00000172269,1.0,ACH-001310
1355,0.0,0.45661065,ENSG00000000419 and ENSG00000136908 and ENSG00000179085,1.0,ACH-001310
1356,0.0,0.10628872,ENSG00000182858,1.0,ACH-001310
1358,0.0,0.10710924,ENSG00000086848,0.0,ACH-001310
1361,1.0,0.8924722,ENSG00000149925,1.0,ACH-001310
1362,1.0,0.99025154,ENSG00000128951,1.0,ACH-001310
1363,0.0,0.04873692,ENSG00000125877,0.0,ACH-001310
1367,0.0,0.1730155,ENSG00000087111 and ENSG00000101464 and ENSG00000124155 and ENSG00000142892 and ENSG00000197858,0.0,ACH-001310
1370,0.0,0.21829705,ENSG00000163931,0.0,ACH-001310
1371,0.0,0.0013185134,ENSG00000101187,0.0,ACH-001310
1377,1.0,0.89116335,ENSG00000168522 and ENSG00000257365,1.0,ACH-001310
1378,0.0,0.39126354,ENSG00000148459,0.0,ACH-001310
1379,0.0,0.0900068,ENSG00000164494,0.0,ACH-001310
1380,0.0,0.10871241,ENSG00000079459,0.0,ACH-001310
1381,0.0,0.06490402,ENSG00000147454,0.0,ACH-001310
1382,0.0,0.16393442,ENSG00000155287,1.0,ACH-001310
1384,0.0,0.3499017,ENSG00000066926,1.0,ACH-001310
1387,1.0,0.6272776,ENSG00000165060,1.0,ACH-001310
1400,0.0,0.018498667,ENSG00000141959,0.0,ACH-001310
1402,0.0,0.010316909,ENSG00000178802,0.0,ACH-001310
1403,0.0,0.060232677,ENSG00000160226,0.0,ACH-001310
1405,0.0,0.21984473,ENSG00000198380,0.0,ACH-001310
1408,0.0,0.47304547,ENSG00000239900,0.0,ACH-001310
1409,1.0,0.83283913,ENSG00000073578 and ENSG00000117118 and ENSG00000143252 and ENSG00000204370,1.0,ACH-001310
1410,1.0,0.9862423,ENSG00000253710,1.0,ACH-001310
1414,0.0,0.03513534,ENSG00000176022,0.0,ACH-001310
1415,0.0,0.39315832,ENSG00000149541,1.0,ACH-001310
1419,1.0,0.8931917,ENSG00000111640,1.0,ACH-001310
1421,0.0,0.019819757,ENSG00000104522,0.0,ACH-001310
1423,0.0,0.019612573,ENSG00000181830,0.0,ACH-001310
1428,0.0,0.14580062,ENSG00000160211,0.0,ACH-001310
1429,0.0,0.15441264,ENSG00000130313,0.0,ACH-001310
1432,0.0,0.053426884,ENSG00000162688,0.0,ACH-001310
1436,0.0,0.100402184,ENSG00000169764,0.0,ACH-001310
1439,0.0,0.073884994,ENSG00000139433,0.0,ACH-001310
1441,0.0,0.16889316,ENSG00000115652,0.0,ACH-001310
1443,1.0,0.9929929,ENSG00000136628,1.0,ACH-001310
1444,0.0,0.036159597,ENSG00000177542,0.0,ACH-001310
1445,0.0,0.2551681,ENSG00000163655,0.0,ACH-001310
1446,0.0,0.025695551,ENSG00000115419,0.0,ACH-001310
1448,0.0,0.30740416,ENSG00000171793,0.0,ACH-001310
1449,1.0,0.9964799,ENSG00000172053,1.0,ACH-001310
1450,0.0,0.082927726,ENSG00000198814,0.0,ACH-001310
1452,1.0,0.98612416,ENSG00000106105,1.0,ACH-001310
1468,0.0,0.003755578,ENSG00000143387,0.0,ACH-001310
1472,0.0,0.004347471,ENSG00000174080,0.0,ACH-001310
1474,0.0,0.27841944,ENSG00000006695,1.0,ACH-001310
1475,0.0,0.05966222,ENSG00000054267,0.0,ACH-001310
1476,1.0,0.997789,ENSG00000117682,1.0,ACH-001310
1477,0.0,0.40176287,ENSG00000120942,0.0,ACH-001310
1478,0.0,0.042881455,ENSG00000183665,0.0,ACH-001310
1480,0.0,0.03247558,ENSG00000117450,0.0,ACH-001310
1481,0.0,0.0009831735,ENSG00000126432,0.0,ACH-001310
1482,0.0,0.0013062155,ENSG00000165672,0.0,ACH-001310
1483,0.0,0.36012518,ENSG00000167815,0.0,ACH-001310
1486,0.0,0.09304085,ENSG00000033867,0.0,ACH-001310
1488,0.0,0.030617068,ENSG00000181045,0.0,ACH-001310
1492,0.0,0.2808137,ENSG00000108784,0.0,ACH-001310
1493,0.0,0.3992952,ENSG00000151348 and ENSG00000182197,1.0,ACH-001310
1496,0.0,0.07351328,ENSG00000153976,0.0,ACH-001310
1499,0.0,0.11762331,ENSG00000064763,0.0,ACH-001310
1501,1.0,0.9960706,ENSG00000170445,1.0,ACH-001310
1502,0.0,0.09604694,ENSG00000256269,0.0,ACH-001310
1503,0.0,0.13937214,ENSG00000188690,0.0,ACH-001310
1505,0.0,0.068706,ENSG00000106348,0.0,ACH-001310
1506,0.0,0.2439461,ENSG00000178035,0.0,ACH-001310
1508,0.0,0.014673035,ENSG00000151229,0.0,ACH-001310
1509,1.0,0.59273905,ENSG00000103502,1.0,ACH-001310
1510,0.0,0.014802053,ENSG00000198743,0.0,ACH-001310
1513,0.0,0.21793945,ENSG00000166411,0.0,ACH-001310
1514,1.0,0.9872758,ENSG00000196305,1.0,ACH-001310
1515,0.0,0.016468314,ENSG00000174684,0.0,ACH-001310
1516,0.0,0.027500834,ENSG00000160285,0.0,ACH-001310
1518,1.0,0.58876216,ENSG00000159593,1.0,ACH-001310
1520,0.0,0.08523163,ENSG00000166747,0.0,ACH-001310
1525,1.0,0.9872917,ENSG00000133706,1.0,ACH-001310
1527,0.0,0.012877882,ENSG00000176393,0.0,ACH-001310
1529,1.0,0.7905067,ENSG00000172531,1.0,ACH-001310
1530,0.0,0.0796752,ENSG00000186298,0.0,ACH-001310
1531,1.0,0.7948477,ENSG00000213639,1.0,ACH-001310
1532,0.0,0.04141003,ENSG00000131828 and ENSG00000168291,0.0,ACH-001310
1533,1.0,0.9981839,ENSG00000065427,1.0,ACH-001310
1534,1.0,0.9944864,ENSG00000166986,1.0,ACH-001310
1535,1.0,0.99547607,ENSG00000116120 and ENSG00000179115,1.0,ACH-001310
1536,1.0,0.9906583,ENSG00000031698,1.0,ACH-001310
1537,1.0,0.9872255,ENSG00000113407,1.0,ACH-001310
1538,1.0,0.9995671,ENSG00000140105,1.0,ACH-001310
1539,1.0,0.9999031,ENSG00000134684,1.0,ACH-001310
1540,1.0,0.99942833,ENSG00000204394,1.0,ACH-001310
1541,0.0,0.09199637,ENSG00000165282,0.0,ACH-001310
1543,0.0,0.039171804,ENSG00000082212,0.0,ACH-001310
1546,1.0,0.66427004,ENSG00000173540,1.0,ACH-001310
1548,0.0,0.20416294,ENSG00000164068,0.0,ACH-001310
1549,1.0,0.9781527,ENSG00000100413,1.0,ACH-001310
1550,0.0,0.010315882,ENSG00000095380,0.0,ACH-001310
1555,1.0,0.8138347,ENSG00000168906,1.0,ACH-001310
1558,1.0,0.8900732,ENSG00000101901,1.0,ACH-001310
1561,0.0,0.04890582,ENSG00000168282,0.0,ACH-001310
1563,0.0,0.10685905,ENSG00000144136,0.0,ACH-001310
1569,1.0,0.8827744,ENSG00000172339,1.0,ACH-001310
1570,1.0,0.542964,ENSG00000007541 and ENSG00000100564 and ENSG00000135845 and ENSG00000165195,1.0,ACH-001310
1571,0.0,0.06347521,ENSG00000111261,0.0,ACH-001310
1572,0.0,0.23930763,ENSG00000013375,0.0,ACH-001310
1573,0.0,0.10310798,ENSG00000117143,0.0,ACH-001310
1574,0.0,0.009107907,ENSG00000197355,0.0,ACH-001310
1575,0.0,0.034032367,ENSG00000205923,0.0,ACH-001310
1577,0.0,0.012616827,ENSG00000096717,0.0,ACH-001310
1578,0.0,0.012540739,ENSG00000124523,0.0,ACH-001310
1579,0.0,0.014735142,ENSG00000124596,0.0,ACH-001310
1580,0.0,0.012554652,ENSG00000133315,0.0,ACH-001310
1584,0.0,0.012372762,ENSG00000157045,0.0,ACH-001310
1586,0.0,0.035804838,ENSG00000187531,0.0,ACH-001310
1588,0.0,0.1799373,ENSG00000105835,0.0,ACH-001310
1591,0.0,0.019205686,ENSG00000147813,0.0,ACH-001310
1599,0.0,0.010437662,ENSG00000197601,0.0,ACH-001310
1600,0.0,0.01130136,ENSG00000162813,0.0,ACH-001310
1601,0.0,0.28283995,ENSG00000157593,1.0,ACH-001310
1608,1.0,0.81566256,ENSG00000241878,1.0,ACH-001310
1609,0.0,0.02520161,ENSG00000110958,0.0,ACH-001310
1610,0.0,0.018131223,ENSG00000148334,0.0,ACH-001310
1611,0.0,0.026061835,ENSG00000105647,0.0,ACH-001310
1613,0.0,0.035198513,ENSG00000171608,1.0,ACH-001310
1619,0.0,0.40678957,ENSG00000121879,0.0,ACH-001310
1620,0.0,0.4543694,ENSG00000161217,0.0,ACH-001310
1621,1.0,0.8873583,ENSG00000105568 and ENSG00000113575,1.0,ACH-001310
1622,1.0,0.8515407,ENSG00000104695 and ENSG00000105568 and ENSG00000221914,1.0,ACH-001310
1623,0.0,0.016631238,ENSG00000011485,0.0,ACH-001310
1625,1.0,0.9575162,ENSG00000060069,1.0,ACH-001310
1631,0.0,0.15383638,ENSG00000115241,0.0,ACH-001310
1632,0.0,0.4336184,ENSG00000119414,1.0,ACH-001310
1635,1.0,0.9492605,ENSG00000122484,1.0,ACH-001310
1639,0.0,0.016032465,ENSG00000144579,0.0,ACH-001310
1641,1.0,0.89872825,ENSG00000149923,1.0,ACH-001310
1642,1.0,0.9500973,ENSG00000160075,1.0,ACH-001310
1646,0.0,0.19119272,ENSG00000170836,0.0,ACH-001310
1647,0.0,0.03997304,ENSG00000175215,0.0,ACH-001310
1648,1.0,0.82569605,ENSG00000184203,1.0,ACH-001310
1650,0.0,0.19467267,ENSG00000143393,1.0,ACH-001310
1651,0.0,0.006746584,ENSG00000155252,0.0,ACH-001310
1652,1.0,0.6487574,ENSG00000241973,0.0,ACH-001310
1655,0.0,0.15848401,ENSG00000255072,1.0,ACH-001310
1658,1.0,0.9241749,ENSG00000163684,1.0,ACH-001310
1659,0.0,0.16482206,ENSG00000244486,0.0,ACH-001310
1663,0.0,0.03777351,ENSG00000143224,0.0,ACH-001310
1666,0.0,0.117316864,ENSG00000114491,0.0,ACH-001310
1668,0.0,0.0063315346,ENSG00000100092,0.0,ACH-001310
1673,0.0,0.14037816,ENSG00000134333,0.0,ACH-001310
1675,0.0,0.000616827,ENSG00000162496,0.0,ACH-001310
1677,0.0,0.019950869,ENSG00000147224,0.0,ACH-001310
1678,0.0,0.25454605,ENSG00000153574,0.0,ACH-001310
1679,0.0,0.3191954,ENSG00000123505,0.0,ACH-001310
1680,0.0,0.3296376,ENSG00000144741,1.0,ACH-001310
1682,0.0,0.35758576,ENSG00000168710,1.0,ACH-001310
1686,0.0,0.085474774,ENSG00000136699,0.0,ACH-001310
1691,0.0,0.027500834,ENSG00000104549,0.0,ACH-001310
1692,0.0,0.008415472,ENSG00000139531,0.0,ACH-001310
1695,0.0,0.040023323,ENSG00000117479,0.0,ACH-001310
1702,0.0,0.1982257,ENSG00000102967,0.0,ACH-001310
1705,1.0,0.8328389,ENSG00000143252,1.0,ACH-001310
1707,0.0,0.3976175,ENSG00000015532,1.0,ACH-001310
1708,0.0,0.038592216,ENSG00000117308,0.0,ACH-001310
1710,0.0,0.09642992,ENSG00000130958,0.0,ACH-001310
1712,0.0,0.09642992,ENSG00000285269,0.0,ACH-001310
1713,0.0,0.030386413,ENSG00000102100,0.0,ACH-001310
1716,0.0,0.01216997,ENSG00000109814,0.0,ACH-001310
1717,0.0,0.012169815,ENSG00000116704,0.0,ACH-001310
1729,1.0,0.9957417,ENSG00000030066 and ENSG00000069248 and ENSG00000075188 and ENSG00000110713 and ENSG00000111581 and ENSG00000120253 and ENSG00000125450,1.0,ACH-001310
1730,1.0,0.5793626,ENSG00000093000,1.0,ACH-001310
1731,0.0,0.13417855,ENSG00000095319,0.0,ACH-001310
1732,1.0,0.9951285,ENSG00000102900,1.0,ACH-001310
1733,1.0,0.9952614,ENSG00000108559,1.0,ACH-001310
1734,1.0,0.99314356,ENSG00000113569,1.0,ACH-001310
1735,0.0,0.4244911,ENSG00000124789,1.0,ACH-001310
1736,1.0,0.9954057,ENSG00000126883,1.0,ACH-001310
1738,0.0,0.05524962,ENSG00000136243,0.0,ACH-001310
1739,1.0,0.71750504,ENSG00000138750,1.0,ACH-001310
1740,0.0,0.3249509,ENSG00000139496,0.0,ACH-001310
1741,0.0,0.48586833,ENSG00000153201,1.0,ACH-001310
1742,1.0,0.93011177,ENSG00000155561,1.0,ACH-001310
1743,0.0,0.37109903,ENSG00000163002,0.0,ACH-001310
1745,1.0,0.8854704,ENSG00000213024,1.0,ACH-001310
1748,0.0,0.0016315621,ENSG00000170385,0.0,ACH-001310
1755,0.0,0.32956094,ENSG00000196950,0.0,ACH-001310
1760,0.0,0.007678646,ENSG00000101306,0.0,ACH-001310
1762,1.0,0.6748659,ENSG00000047249,1.0,ACH-001310
1765,0.0,0.04951977,ENSG00000179163,0.0,ACH-001310
1770,0.0,0.038192783,ENSG00000124006,0.0,ACH-001310
1771,0.0,0.009839468,ENSG00000143933,0.0,ACH-001310
1772,1.0,0.7908586,ENSG00000071553,1.0,ACH-001310
1773,0.0,0.4533873,ENSG00000115884,1.0,ACH-001310
1775,1.0,0.9981914,ENSG00000241343,1.0,ACH-001310
1777,1.0,0.8837106,ENSG00000105254,1.0,ACH-001310
1785,0.0,0.023814762,ENSG00000099904,0.0,ACH-001310
1787,1.0,0.9549656,ENSG00000117410,1.0,ACH-001310
1788,1.0,0.8527764,ENSG00000102030,1.0,ACH-001310
1789,1.0,0.7907608,ENSG00000159720,1.0,ACH-001310
1790,0.0,0.0015697313,ENSG00000138031,0.0,ACH-001310
1791,0.0,0.004567681,ENSG00000102312,0.0,ACH-001310
1792,0.0,0.06756424,ENSG00000185344,0.0,ACH-001310
1793,1.0,0.96555585,ENSG00000185883,1.0,ACH-001310
1795,0.0,0.0015700288,ENSG00000159899,0.0,ACH-001310
1796,1.0,0.97717035,ENSG00000106636,1.0,ACH-001310
1799,0.0,0.03543099,ENSG00000110583,1.0,ACH-001310
1800,1.0,0.9732974,ENSG00000121579,1.0,ACH-001310
1803,1.0,0.981232,ENSG00000135372,1.0,ACH-001310
1806,0.0,0.0071909274,ENSG00000156599,0.0,ACH-001310
1811,1.0,0.6682829,ENSG00000173418,0.0,ACH-001310
1812,0.0,0.012823569,ENSG00000174165,0.0,ACH-001310
1816,0.0,0.006809527,ENSG00000180776,0.0,ACH-001310
1819,0.0,0.10538369,ENSG00000204160,1.0,ACH-001310
0,0.0,0.14909217,ENSG00000169710,0.0,ACH-001453
1,1.0,0.5234445,ENSG00000072506 and ENSG00000084754 and ENSG00000138796,0.0,ACH-001453
2,1.0,0.9998784,ENSG00000048392 and ENSG00000100348 and ENSG00000167325 and ENSG00000171848,1.0,ACH-001453
3,1.0,0.9998784,ENSG00000048392 and ENSG00000136810 and ENSG00000167325 and ENSG00000171848,1.0,ACH-001453
9,0.0,0.0151201235,ENSG00000187134,0.0,ACH-001453
13,1.0,0.9452617,ENSG00000128951,1.0,ACH-001453
18,0.0,0.023274856,ENSG00000113273,0.0,ACH-001453
19,0.0,0.029919103,ENSG00000131480,0.0,ACH-001453
21,0.0,0.010997513,ENSG00000110090,0.0,ACH-001453
22,0.0,0.0039373687,ENSG00000197375,0.0,ACH-001453
24,0.0,0.36267552,ENSG00000072506,0.0,ACH-001453
25,0.0,0.16744176,ENSG00000084754,0.0,ACH-001453
30,0.0,0.017669333,ENSG00000127884,0.0,ACH-001453
31,0.0,0.015709288,ENSG00000130304,0.0,ACH-001453
32,0.0,0.16775674,ENSG00000133835,0.0,ACH-001453
35,0.0,0.024442935,ENSG00000140284,0.0,ACH-001453
36,0.0,0.0157101,ENSG00000143554,0.0,ACH-001453
38,0.0,0.075809054,ENSG00000161533,0.0,ACH-001453
39,0.0,0.011841125,ENSG00000167107,0.0,ACH-001453
43,0.0,0.015708758,ENSG00000177465,0.0,ACH-001453
44,0.0,0.015707888,ENSG00000184227,0.0,ACH-001453
49,1.0,0.9349958,ENSG00000113161,1.0,ACH-001453
50,0.0,0.10197743,ENSG00000084754 and ENSG00000138029 and ENSG00000167315,0.0,ACH-001453
51,0.0,0.1424739,ENSG00000084754 and ENSG00000113790 and ENSG00000127884,0.0,ACH-001453
53,1.0,0.70727247,ENSG00000178700,1.0,ACH-001453
54,0.0,0.12900323,ENSG00000059573,0.0,ACH-001453
56,0.0,0.4958567,ENSG00000091140 and ENSG00000140905 and ENSG00000145020 and ENSG00000178445,0.0,ACH-001453
57,0.0,0.20149517,ENSG00000100714,0.0,ACH-001453
58,0.0,0.027027665,ENSG00000176974,0.0,ACH-001453
60,0.0,0.49464503,ENSG00000153574,0.0,ACH-001453
64,0.0,0.009142836,ENSG00000162066,0.0,ACH-001453
67,0.0,0.02647869,ENSG00000104522,0.0,ACH-001453
68,0.0,0.022952095,ENSG00000117308,0.0,ACH-001453
73,0.0,0.024462562,ENSG00000171302,0.0,ACH-001453
78,0.0,0.12556343,ENSG00000068366,0.0,ACH-001453
79,0.0,0.17723721,ENSG00000123983,0.0,ACH-001453
82,0.0,0.11477023,ENSG00000146701,0.0,ACH-001453
85,0.0,0.002276529,ENSG00000147224,0.0,ACH-001453
87,0.0,0.06602712,ENSG00000117450,0.0,ACH-001453
88,0.0,0.017428793,ENSG00000117592,0.0,ACH-001453
89,0.0,0.007614876,ENSG00000126432,0.0,ACH-001453
90,0.0,0.032005493,ENSG00000164294,0.0,ACH-001453
91,0.0,0.008215795,ENSG00000165672,0.0,ACH-001453
92,1.0,0.58642834,ENSG00000167468,1.0,ACH-001453
93,0.0,0.4694858,ENSG00000167815,1.0,ACH-001453
94,0.0,0.016563684,ENSG00000176153,0.0,ACH-001453
98,0.0,0.010201825,ENSG00000156110,0.0,ACH-001453
101,0.0,0.01510883,ENSG00000099377,0.0,ACH-001453
104,0.0,0.029893551,ENSG00000121039,0.0,ACH-001453
107,0.0,0.015104986,ENSG00000159692,0.0,ACH-001453
109,0.0,0.015139464,ENSG00000164039,0.0,ACH-001453
110,0.0,0.035751726,ENSG00000167733,0.0,ACH-001453
112,0.0,0.015095503,ENSG00000176387,0.0,ACH-001453
115,0.0,0.2662114,ENSG00000197894,0.0,ACH-001453
121,0.0,0.11766314,ENSG00000066322,0.0,ACH-001453
122,0.0,0.010201805,ENSG00000118402,0.0,ACH-001453
126,0.0,0.0922085,ENSG00000060971 and ENSG00000113790 and ENSG00000133835,0.0,ACH-001453
129,0.0,0.088601835,ENSG00000132196,0.0,ACH-001453
130,0.0,0.32917863,ENSG00000149084,0.0,ACH-001453
131,0.0,0.19974065,ENSG00000084754 and ENSG00000113790 and ENSG00000167969 and ENSG00000198721,0.0,ACH-001453
132,0.0,0.41041076,ENSG00000117143,1.0,ACH-001453
135,0.0,0.011149254,ENSG00000113504,0.0,ACH-001453
136,0.0,0.45118332,ENSG00000139514,0.0,ACH-001453
138,0.0,0.015690338,ENSG00000001630,0.0,ACH-001453
142,1.0,0.87317836,ENSG00000162368,1.0,ACH-001453
143,0.0,0.023314986,ENSG00000083807,0.0,ACH-001453
144,0.0,0.08957161,ENSG00000155380,0.0,ACH-001453
147,0.0,0.02098745,ENSG00000103064,0.0,ACH-001453
148,0.0,0.32027426,ENSG00000103257,0.0,ACH-001453
150,0.0,0.28843078,ENSG00000177646,0.0,ACH-001453
154,0.0,0.020450234,ENSG00000131979,0.0,ACH-001453
155,1.0,0.50839067,ENSG00000131473,0.0,ACH-001453
156,0.0,0.40937445,ENSG00000278540,1.0,ACH-001453
159,0.0,0.009754428,ENSG00000141526,0.0,ACH-001453
160,0.0,0.018984677,ENSG00000178537,0.0,ACH-001453
161,0.0,0.020593917,ENSG00000197119,0.0,ACH-001453
164,0.0,0.01646907,ENSG00000176393,0.0,ACH-001453
165,1.0,0.99698776,ENSG00000115866,1.0,ACH-001453
166,0.0,0.016683701,ENSG00000068903,0.0,ACH-001453
169,0.0,0.0544115,ENSG00000096717,0.0,ACH-001453
170,0.0,0.012613791,ENSG00000124523,0.0,ACH-001453
171,0.0,0.02105441,ENSG00000124596,0.0,ACH-001453
172,0.0,0.020930864,ENSG00000133315,0.0,ACH-001453
176,0.0,0.0074335425,ENSG00000157045,0.0,ACH-001453
177,0.0,0.018735744,ENSG00000187531,0.0,ACH-001453
178,0.0,0.032408014,ENSG00000071073,0.0,ACH-001453
180,0.0,0.054112513,ENSG00000196502,0.0,ACH-001453
183,0.0,0.032059025,ENSG00000196517,0.0,ACH-001453
185,0.0,0.0043366854,ENSG00000160209,0.0,ACH-001453
186,0.0,0.08344991,ENSG00000130164,0.0,ACH-001453
188,0.0,0.0023042953,ENSG00000012779,0.0,ACH-001453
191,0.0,0.2586349,ENSG00000099797,0.0,ACH-001453
193,0.0,0.42471454,ENSG00000146066,0.0,ACH-001453
195,0.0,0.018365098,ENSG00000206527,0.0,ACH-001453
196,1.0,0.99341464,ENSG00000114902 and ENSG00000118363 and ENSG00000129128 and ENSG00000140612 and ENSG00000166562,1.0,ACH-001453
198,0.0,0.35472214,ENSG00000105220,1.0,ACH-001453
199,0.0,0.18495439,ENSG00000055609 and ENSG00000272333,1.0,ACH-001453
200,0.0,0.3280528,ENSG00000163931,0.0,ACH-001453
201,0.0,0.01948579,ENSG00000119723,0.0,ACH-001453
205,0.0,0.004618632,ENSG00000156515,0.0,ACH-001453
206,0.0,0.3588062,ENSG00000159399,1.0,ACH-001453
207,0.0,0.30495796,ENSG00000125166,0.0,ACH-001453
208,0.0,0.020107083,ENSG00000083123,0.0,ACH-001453
210,0.0,0.21592103,ENSG00000064763,0.0,ACH-001453
213,0.0,0.20861359,ENSG00000151348 and ENSG00000182197,1.0,ACH-001453
217,0.0,0.2055042,ENSG00000130313,0.0,ACH-001453
218,1.0,0.9452831,ENSG00000112972,1.0,ACH-001453
220,0.0,0.0180802,ENSG00000143149,1.0,ACH-001453
226,0.0,0.048378967,ENSG00000163541 and ENSG00000172340,0.0,ACH-001453
227,0.0,0.30455133,ENSG00000136143 and ENSG00000163541,0.0,ACH-001453
228,0.0,0.007043663,ENSG00000171862,0.0,ACH-001453
230,1.0,0.99970657,ENSG00000117682,1.0,ACH-001453
233,0.0,0.011675549,ENSG00000143811,0.0,ACH-001453
235,0.0,0.014895151,ENSG00000116096,0.0,ACH-001453
236,1.0,0.6933866,ENSG00000101444,1.0,ACH-001453
238,0.0,0.3642571,ENSG00000168710,0.0,ACH-001453
239,0.0,0.30043015,ENSG00000171903,1.0,ACH-001453
240,0.0,0.02533667,ENSG00000157326,0.0,ACH-001453
242,0.0,0.22244006,ENSG00000110958,0.0,ACH-001453
243,0.0,0.015687862,ENSG00000101187,0.0,ACH-001453
245,0.0,0.023468236,ENSG00000134824,0.0,ACH-001453
246,0.0,0.08428861,ENSG00000170190,0.0,ACH-001453
250,0.0,0.025589198,ENSG00000128039,0.0,ACH-001453
251,0.0,0.017994575,ENSG00000040933,0.0,ACH-001453
252,0.0,0.4137501,ENSG00000121897,1.0,ACH-001453
254,0.0,0.017973084,ENSG00000064601 and ENSG00000141012 and ENSG00000170266 and ENSG00000204386,0.0,ACH-001453
256,0.0,0.32915142,ENSG00000183048,0.0,ACH-001453
257,0.0,0.15742227,ENSG00000100075,0.0,ACH-001453
258,0.0,0.23598988,ENSG00000167130,1.0,ACH-001453
259,0.0,0.37499037,ENSG00000136877,0.0,ACH-001453
260,0.0,0.37513196,ENSG00000173085,0.0,ACH-001453
263,0.0,0.391462,ENSG00000000419 and ENSG00000136908 and ENSG00000179085,1.0,ACH-001453
266,0.0,0.08097022,ENSG00000135069,0.0,ACH-001453
267,0.0,0.0033663968,ENSG00000124767,0.0,ACH-001453
269,0.0,0.025475854,ENSG00000150540,0.0,ACH-001453
270,0.0,0.21834262,ENSG00000091483,0.0,ACH-001453
271,0.0,0.007812055,ENSG00000065989,0.0,ACH-001453
272,0.0,0.016163569,ENSG00000186115,0.0,ACH-001453
276,0.0,0.12900323,ENSG00000070669,0.0,ACH-001453
277,0.0,0.016641684,ENSG00000092621,0.0,ACH-001453
280,0.0,0.03084061,ENSG00000141504,0.0,ACH-001453
281,1.0,0.9828525,ENSG00000100462 and ENSG00000126457,1.0,ACH-001453
282,0.0,0.18653387,ENSG00000029639,0.0,ACH-001453
284,0.0,0.01828329,ENSG00000066651,0.0,ACH-001453
287,1.0,0.9995826,ENSG00000071462,1.0,ACH-001453
288,0.0,0.020697402,ENSG00000100483,0.0,ACH-001453
289,0.0,0.1500736,ENSG00000101247,0.0,ACH-001453
292,1.0,0.9999807,ENSG00000105202,1.0,ACH-001453
293,1.0,0.99530315,ENSG00000108592,1.0,ACH-001453
294,0.0,0.19753389,ENSG00000110871,0.0,ACH-001453
295,1.0,0.99659306,ENSG00000111641,1.0,ACH-001453
297,0.0,0.40549606,ENSG00000117481,0.0,ACH-001453
299,0.0,0.29461312,ENSG00000122687,0.0,ACH-001453
300,0.0,0.06633308,ENSG00000123427,1.0,ACH-001453
301,1.0,0.89487714,ENSG00000127804,1.0,ACH-001453
302,0.0,0.024587315,ENSG00000130305,0.0,ACH-001453
304,0.0,0.03982417,ENSG00000132600,0.0,ACH-001453
305,1.0,0.9622435,ENSG00000137574,1.0,ACH-001453
306,0.0,0.016989363,ENSG00000137760,0.0,ACH-001453
307,0.0,0.07445227,ENSG00000138382,1.0,ACH-001453
308,0.0,0.37824473,ENSG00000142453,1.0,ACH-001453
311,0.0,0.05454879,ENSG00000145331,0.0,ACH-001453
312,1.0,0.7591511,ENSG00000145388,1.0,ACH-001453
313,1.0,0.9991817,ENSG00000146834,1.0,ACH-001453
315,0.0,0.3924218,ENSG00000156239,1.0,ACH-001453
316,0.0,0.017428793,ENSG00000160310,0.0,ACH-001453
318,1.0,0.73358834,ENSG00000162851,1.0,ACH-001453
321,0.0,0.09227457,ENSG00000165644,0.0,ACH-001453
322,0.0,0.48949185,ENSG00000165792,0.0,ACH-001453
323,0.0,0.03368969,ENSG00000168806,0.0,ACH-001453
324,0.0,0.44878504,ENSG00000169519,1.0,ACH-001453
326,0.0,0.22478491,ENSG00000171861,0.0,ACH-001453
327,1.0,0.644407,ENSG00000174173,1.0,ACH-001453
330,0.0,0.04089584,ENSG00000180917,0.0,ACH-001453
331,0.0,0.21173848,ENSG00000181038,0.0,ACH-001453
332,0.0,0.040776588,ENSG00000181090,0.0,ACH-001453
333,1.0,0.74993217,ENSG00000183955,1.0,ACH-001453
335,0.0,0.15945397,ENSG00000186666,0.0,ACH-001453
337,0.0,0.042678613,ENSG00000203791,0.0,ACH-001453
338,1.0,0.54084873,ENSG00000204371,1.0,ACH-001453
339,0.0,0.31941023,ENSG00000205629,0.0,ACH-001453
341,0.0,0.0723518,ENSG00000214756,0.0,ACH-001453
343,0.0,0.030221133,ENSG00000278619,0.0,ACH-001453
351,0.0,0.016295215,ENSG00000068383,0.0,ACH-001453
352,0.0,0.10142875,ENSG00000132376,0.0,ACH-001453
357,0.0,0.4202411,ENSG00000119689,0.0,ACH-001453
360,0.0,0.02538044,ENSG00000131067,0.0,ACH-001453
363,0.0,0.00939966,ENSG00000197601,0.0,ACH-001453
364,0.0,0.0009890618,ENSG00000111716,0.0,ACH-001453
365,0.0,0.2785189,ENSG00000134333,0.0,ACH-001453
366,0.0,0.0069777835,ENSG00000151116,0.0,ACH-001453
368,0.0,0.05950885,ENSG00000105281,0.0,ACH-001453
370,0.0,0.06425554,ENSG00000093010,0.0,ACH-001453
372,0.0,0.4765139,ENSG00000092068 and ENSG00000168003,0.0,ACH-001453
377,0.0,0.06514556,ENSG00000178802,0.0,ACH-001453
380,0.0,0.40149394,ENSG00000090857,0.0,ACH-001453
385,0.0,0.473659,ENSG00000004455,0.0,ACH-001453
386,1.0,0.87317836,ENSG00000085231,1.0,ACH-001453
387,0.0,0.028385444,ENSG00000106992,0.0,ACH-001453
390,0.0,0.465238,ENSG00000162433,0.0,ACH-001453
392,0.0,0.044515993,ENSG00000273841,0.0,ACH-001453
393,0.0,0.020232452,ENSG00000167900,0.0,ACH-001453
394,0.0,0.4629268,ENSG00000176890,0.0,ACH-001453
395,0.0,0.027277477,ENSG00000125877,0.0,ACH-001453
396,0.0,0.027277488,ENSG00000205923,0.0,ACH-001453
397,1.0,0.9452621,ENSG00000168393,1.0,ACH-001453
398,0.0,0.4991785,ENSG00000035687,0.0,ACH-001453
399,0.0,0.014624518,ENSG00000103024,0.0,ACH-001453
402,0.0,0.23364735,ENSG00000172113,0.0,ACH-001453
403,0.0,0.022893818,ENSG00000239672,0.0,ACH-001453
404,1.0,0.50183713,ENSG00000243678,1.0,ACH-001453
406,0.0,0.030670973,ENSG00000065911,0.0,ACH-001453
408,0.0,0.025127443,ENSG00000163738,0.0,ACH-001453
410,0.0,0.124400035,ENSG00000106348,0.0,ACH-001453
417,0.0,0.046496596,ENSG00000099904,0.0,ACH-001453
418,1.0,0.76995635,ENSG00000102030,1.0,ACH-001453
419,0.0,0.012784355,ENSG00000102312,0.0,ACH-001453
422,1.0,0.990341,ENSG00000106636,1.0,ACH-001453
424,0.0,0.09836695,ENSG00000110583,0.0,ACH-001453
425,0.0,0.05275654,ENSG00000111684,0.0,ACH-001453
426,1.0,0.98124814,ENSG00000121579,1.0,ACH-001453
428,0.0,0.008177635,ENSG00000123684,0.0,ACH-001453
431,1.0,0.9940215,ENSG00000135372,1.0,ACH-001453
435,0.0,0.20807762,ENSG00000144182,0.0,ACH-001453
438,0.0,0.0092601795,ENSG00000156599,0.0,ACH-001453
443,0.0,0.23868002,ENSG00000171320,0.0,ACH-001453
446,1.0,0.6954831,ENSG00000173418,1.0,ACH-001453
447,0.0,0.03830488,ENSG00000174165,0.0,ACH-001453
452,0.0,0.009525518,ENSG00000180776,0.0,ACH-001453
456,0.0,0.020915924,ENSG00000188818,0.0,ACH-001453
457,0.0,0.15693066,ENSG00000204160,0.0,ACH-001453
460,1.0,0.71175355,ENSG00000228716,0.0,ACH-001453
461,0.0,0.03161784,ENSG00000178922,0.0,ACH-001453
464,1.0,0.74824893,ENSG00000142657,0.0,ACH-001453
466,0.0,0.024413582,ENSG00000109814,0.0,ACH-001453
467,0.0,0.020939806,ENSG00000139531,0.0,ACH-001453
473,0.0,0.45119935,ENSG00000084774,0.0,ACH-001453
475,0.0,0.01757727,ENSG00000122643,0.0,ACH-001453
476,0.0,0.113636,ENSG00000125458,0.0,ACH-001453
478,0.0,0.16455749,ENSG00000141698,0.0,ACH-001453
481,1.0,0.9568441,ENSG00000143774,1.0,ACH-001453
482,1.0,0.8240853,ENSG00000067225,1.0,ACH-001453
484,0.0,0.0331878,ENSG00000023330,0.0,ACH-001453
485,0.0,0.3383126,ENSG00000178773,0.0,ACH-001453
486,0.0,0.010563564,ENSG00000100092,0.0,ACH-001453
487,1.0,0.65199316,ENSG00000068120,0.0,ACH-001453
488,0.0,0.030929899,ENSG00000116649,0.0,ACH-001453
495,1.0,0.502568,ENSG00000173599,0.0,ACH-001453
498,0.0,0.014323668,ENSG00000088002,0.0,ACH-001453
505,0.0,0.029413886,ENSG00000198162,1.0,ACH-001453
507,0.0,0.33678174,ENSG00000102967,0.0,ACH-001453
511,0.0,0.038573317,ENSG00000182858,0.0,ACH-001453
513,0.0,0.07619023,ENSG00000101986,0.0,ACH-001453
515,1.0,0.5447403,ENSG00000033867,0.0,ACH-001453
516,1.0,0.6668628,ENSG00000188687,0.0,ACH-001453
517,0.0,0.020088509,ENSG00000157184,0.0,ACH-001453
525,0.0,0.497448,ENSG00000141279,0.0,ACH-001453
531,0.0,0.030853255,ENSG00000162482,0.0,ACH-001453
534,0.0,0.2131086,ENSG00000008513,0.0,ACH-001453
537,1.0,0.77245444,ENSG00000113456 and ENSG00000172613,0.0,ACH-001453
539,0.0,0.020508047,ENSG00000132570,0.0,ACH-001453
540,0.0,0.008404318,ENSG00000166228,0.0,ACH-001453
541,0.0,0.018742803,ENSG00000095380,0.0,ACH-001453
546,0.0,0.18996476,ENSG00000125454,0.0,ACH-001453
547,1.0,0.97781414,ENSG00000163684,1.0,ACH-001453
548,0.0,0.04977778,ENSG00000244486,0.0,ACH-001453
552,0.0,0.02085456,ENSG00000142973,0.0,ACH-001453
555,0.0,0.02266254,ENSG00000186204,0.0,ACH-001453
556,1.0,0.7461314,ENSG00000143398,1.0,ACH-001453
560,0.0,0.39249626,ENSG00000108784,0.0,ACH-001453
563,0.0,0.02605804,ENSG00000084207,0.0,ACH-001453
566,0.0,0.042267274,ENSG00000134202,0.0,ACH-001453
570,0.0,0.025668018,ENSG00000168765,0.0,ACH-001453
573,0.0,0.02566577,ENSG00000213366,0.0,ACH-001453
575,0.0,0.058453374,ENSG00000117528,0.0,ACH-001453
578,0.0,0.07200616,ENSG00000173614,0.0,ACH-001453
582,0.0,0.014136907,ENSG00000184470,0.0,ACH-001453
583,1.0,0.8558482,ENSG00000120158,1.0,ACH-001453
585,0.0,0.41975093,ENSG00000159131,0.0,ACH-001453
591,0.0,0.018904438,ENSG00000111371,0.0,ACH-001453
592,0.0,0.29834887,ENSG00000134294,0.0,ACH-001453
594,0.0,0.2661132,ENSG00000109107,0.0,ACH-001453
595,1.0,0.91312903,ENSG00000149925,1.0,ACH-001453
597,0.0,0.34585124,ENSG00000091140,0.0,ACH-001453
608,0.0,0.023782426,ENSG00000143387,0.0,ACH-001453
612,0.0,0.027427755,ENSG00000174080,0.0,ACH-001453
616,0.0,0.11513516,ENSG00000130821,0.0,ACH-001453
621,0.0,0.23859178,ENSG00000185825,0.0,ACH-001453
625,0.0,0.105869114,ENSG00000100605,0.0,ACH-001453
626,0.0,0.15742227,ENSG00000130208,1.0,ACH-001453
627,1.0,0.61017984,ENSG00000005022,1.0,ACH-001453
630,0.0,0.025729775,ENSG00000170385,0.0,ACH-001453
632,0.0,0.39638668,ENSG00000198431,1.0,ACH-001453
633,0.0,0.0416619,ENSG00000131748,0.0,ACH-001453
634,1.0,0.9821045,ENSG00000118705 and ENSG00000129562 and ENSG00000134910 and ENSG00000163902 and ENSG00000244038,1.0,ACH-001453
639,0.0,0.029962106,ENSG00000067057,0.0,ACH-001453
640,0.0,0.007665933,ENSG00000141959,0.0,ACH-001453
647,0.0,0.036357556,ENSG00000052802,0.0,ACH-001453
648,1.0,0.6094975,ENSG00000099194,0.0,ACH-001453
650,0.0,0.021476317,ENSG00000116704,0.0,ACH-001453
651,1.0,0.87809646,ENSG00000095059,1.0,ACH-001453
652,0.0,0.009626757,ENSG00000117411,0.0,ACH-001453
653,0.0,0.012453454,ENSG00000158470,0.0,ACH-001453
654,0.0,0.12063387,ENSG00000158850,0.0,ACH-001453
655,0.0,0.30891195,ENSG00000087111 and ENSG00000101464 and ENSG00000124155 and ENSG00000142892 and ENSG00000197858,1.0,ACH-001453
659,0.0,0.04619082,ENSG00000179913,0.0,ACH-001453
663,0.0,0.014618109,ENSG00000140279,0.0,ACH-001453
667,0.0,0.03756011,ENSG00000172890,0.0,ACH-001453
668,0.0,0.020525815,ENSG00000131238,0.0,ACH-001453
675,0.0,0.081677824,ENSG00000132423,0.0,ACH-001453
676,1.0,0.7690042,ENSG00000105953,1.0,ACH-001453
678,0.0,0.007991536,ENSG00000197444,0.0,ACH-001453
680,1.0,0.75945985,ENSG00000101901,1.0,ACH-001453
681,0.0,0.42822725,ENSG00000055609 and ENSG00000167548,0.0,ACH-001453
682,0.0,0.022679053,ENSG00000005483,0.0,ACH-001453
683,1.0,0.9553284,ENSG00000099381,1.0,ACH-001453
685,0.0,0.15508614,ENSG00000104885,0.0,ACH-001453
686,0.0,0.1264158,ENSG00000106462,0.0,ACH-001453
688,0.0,0.01327232,ENSG00000109685,0.0,ACH-001453
689,0.0,0.24167386,ENSG00000110066,0.0,ACH-001453
690,0.0,0.060544185,ENSG00000116539,0.0,ACH-001453
691,0.0,0.13804537,ENSG00000118058,0.0,ACH-001453
693,0.0,0.017579947,ENSG00000136169,0.0,ACH-001453
694,0.0,0.19661108,ENSG00000139718,1.0,ACH-001453
695,0.0,0.47216606,ENSG00000143379,0.0,ACH-001453
698,0.0,0.01632748,ENSG00000165671,0.0,ACH-001453
700,0.0,0.3583208,ENSG00000181555,0.0,ACH-001453
705,0.0,0.018742803,ENSG00000159921,0.0,ACH-001453
707,0.0,0.019864501,ENSG00000221988,0.0,ACH-001453
710,0.0,0.35316533,ENSG00000134255,0.0,ACH-001453
711,0.0,0.011675549,ENSG00000131389,0.0,ACH-001453
713,0.0,0.034499105,ENSG00000187630,0.0,ACH-001453
716,0.0,0.02054714,ENSG00000198743,0.0,ACH-001453
717,0.0,0.02073275,ENSG00000023697,0.0,ACH-001453
721,0.0,0.020021878,ENSG00000159322,0.0,ACH-001453
722,0.0,0.26739258,ENSG00000170340,0.0,ACH-001453
723,0.0,0.041553475,ENSG00000174684,0.0,ACH-001453
725,0.0,0.031656124,ENSG00000176383,0.0,ACH-001453
729,0.0,0.07518161,ENSG00000167123,0.0,ACH-001453
731,1.0,0.99994206,ENSG00000140105,1.0,ACH-001453
732,1.0,0.99986696,ENSG00000204394,1.0,ACH-001453
734,0.0,0.0019728604,ENSG00000129353,0.0,ACH-001453
735,0.0,0.12425164,ENSG00000143036,0.0,ACH-001453
738,0.0,0.4939153,ENSG00000198380,1.0,ACH-001453
739,0.0,0.030190272,ENSG00000114268,0.0,ACH-001453
747,0.0,0.19948924,ENSG00000160211,0.0,ACH-001453
748,0.0,0.24511506,ENSG00000105655,1.0,ACH-001453
749,0.0,0.020670898,ENSG00000117305,0.0,ACH-001453
753,1.0,0.8162522,ENSG00000091140 and ENSG00000105953 and ENSG00000119689,1.0,ACH-001453
758,0.0,0.3449288,ENSG00000135002,0.0,ACH-001453
761,0.0,0.1282068,ENSG00000079459,0.0,ACH-001453
762,0.0,0.4365059,ENSG00000168003,0.0,ACH-001453
763,0.0,0.0068047624,ENSG00000197355,0.0,ACH-001453
764,0.0,0.27323726,ENSG00000149809,0.0,ACH-001453
766,0.0,0.23734845,ENSG00000012232,0.0,ACH-001453
767,0.0,0.0070211804,ENSG00000148334,0.0,ACH-001453
768,0.0,0.008008686,ENSG00000008300,0.0,ACH-001453
770,0.0,0.4991785,ENSG00000178035,0.0,ACH-001453
771,0.0,0.08728928,ENSG00000162813,1.0,ACH-001453
775,1.0,0.9822239,ENSG00000104723 and ENSG00000118705 and ENSG00000129562 and ENSG00000163527 and ENSG00000163902 and ENSG00000244038,1.0,ACH-001453
779,1.0,0.980981,ENSG00000168906,1.0,ACH-001453
782,0.0,0.004260771,ENSG00000162496,0.0,ACH-001453
785,0.0,0.0063272254,ENSG00000164889,0.0,ACH-001453
786,0.0,0.019711148,ENSG00000113448,0.0,ACH-001453
787,0.0,0.0039566737,ENSG00000138031,0.0,ACH-001453
789,0.0,0.015886609,ENSG00000159899,0.0,ACH-001453
790,0.0,0.007777356,ENSG00000137496,0.0,ACH-001453
797,0.0,0.005773679,ENSG00000167969,0.0,ACH-001453
798,0.0,0.006971981,ENSG00000205268,0.0,ACH-001453
